{"train": 0.00042387776452273935, "test": 0.0012749766514411256}